tag	text
0	"We want you to understand how and why Reddit, Inc. (¡§Reddit,¡¨ ¡§we¡¨ or ¡§us¡¨) collects, uses, and shares information about you when you use our sites, mobile apps, widgets, and other online products and services (collectively, the ¡§Services¡¨) or when you otherwise interact with us or receive a communication from us."
0	"This Privacy Policy applies to all of our Services including Reddit Gifts, which maintains a separate privacy notice that incorporates this Privacy Policy by reference."
1	We collect information you provide to us directly when you use the Services.
1	"Your username is public, and it doesn¡¦t have to be related to your real name."
1	"You may also provide other account information, like an email address, bio, or profile picture."
1	We also store your user account preferences and settings.
1	We collect the content you submit to the Services.
1	"This includes your posts and comments including saved drafts, videos you broadcast via RPAN, your messages with other users (e.g., private messages, chats, and modmail), and your reports and other communications with moderators and with us."
1	"Your content may include text, links, images, gifs, and videos."
1	collect information about the actions you take when using the Services
1	"This includes your interactions with content, like voting, saving, hiding, and reporting."
1	"It also includes your interactions with other users, such as following, friending, and blocking."
1	"We collect your interactions with communities, like your subscriptions or moderator status."
1	"If you purchase products or services from us (e.g., Reddit Premium or Reddit Coins), we will collect certain information from you, including your name, address, email address, and information about the product or service you are purchasing."
1	"Reddit uses industry-standard payment processor services (for example, Stripe) to handle payment information."
0	You may choose to provide other information directly to us.
1	"For example, we may collect information when you fill out a form, participate in Reddit-sponsored activities or promotions, apply for a job, request customer support, or otherwise communicate with us."
1	Information We Collect Automatically.
1	" When you access or use our Services, we may also automatically collect information about you."
1	We may log information when you access and use the Services.
1	"This may include your IP address, user-agent string, browser type, operating system, referral URLs, device information (e.g., device IDs), device settings, mobile carrier name, pages visited, links clicked, the requested URL, and search terms."
1	"Except for the IP address used to create your account, Reddit will delete any IP addresses collected after 100 days."
0	Information collected from cookies and similar technologies
1	"We may receive information from cookies, which are pieces of data your browser stores and sends back to us when making requests, and similar technologies."
0	"We use this information to improve your experience, understand user activity, personalize content and advertisements, and improve the quality of our Services."
1	"For example, we store and retrieve information about your preferred language and other settings."
1	See our Cookie Notice for more information about how Reddit uses cookies.
0	"For more information on how you can disable cookies, please see Your Choices below."
1	We may receive and process information about your location.
1	"For example, with your consent, we may collect information about the specific location of your mobile device (for example, by using GPS or Bluetooth)."
1	"We may also receive location information from you when you choose to share such information on our Services, including by associating your content with a location, or we may derive your approximate location from other information about you, including your IP address."
1	We may also use information from Apple's TrueDepth camera to provide enhanced functionality in the Reddit app camera if you choose to use it.
0	Information from the TrueDepth camera is used in real time ¡X we don't store this information on our servers or share it with third parties.
1	"We may receive information about you from other sources, including from other users and third parties, and combine that information with the other information we have about you."
1	"For example, we may receive demographic or interest information about you from third parties, including advertisers (such as the fact that an advertiser is interested in showing you an ad), and combine it with our own data using a common account identifier such as a hash of an email address or a mobile-device ID."
1	You can control how we use this information to personalize the Services for you as described in Your Choices - Controlling Advertising and Analytics below.
1	"If you authorize or link a third-party service (e.g., an unofficial mobile app client) to access your Reddit account, Reddit receives information about your use of that service when it uses that authorization."
1	Linking services may also cause the other service to send us information about your account with that service.
0	"For example, if you sign in to Reddit with a third-party identity provider, that provider may share an email address with us."
0	Information sharing with linked services is described later in this section.
1	"We also may receive information about you, including log and usage data and cookie information, from third-party sites that integrate our Services, including our embeds and advertising technology."
1	"For example, when you visit a site that uses Reddit embeds, we may receive information about the web page you visited."
1	"Similarly, if an advertiser incorporates Reddit¡¦s ad technology, Reddit may receive limited information about your activity on the advertiser¡¦s site or app, such as whether you bought something from the advertiser."
1	You can control how we use this information to personalize the Services for you as described in Your Choices - Controlling Advertising and Analytics below.
1	"Reddit displays some linked content in-line on the Reddit services via ¡§embeds.¡¨ For example, Reddit posts that link to YouTube or Twitter may load the linked video or tweet within Reddit directly from those services to your device so you don¡¦t have to leave Reddit to see it."
0	"In general, Reddit does not control how third-party services collect data when they serve you their content directly via these embeds."
0	"As a result, embedded content is not covered by this privacy policy but by the policies of the service from which the content is embedded."
0	We partner with audience measurement companies (including Quantcast and Nielsen) to learn demographic information about the population that uses Reddit.
1	"To provide this demographic information, these companies collect cookie information to recognize your device."
1	If you use Reddit Ads (Reddit¡¦s self-serve ads platform at ads.reddit.com) we collect some additional information.
1	"To sign up for Reddit Ads, you must provide your name, email address, and information about your company."
1	"If you purchase advertising services, you will need to provide transactional information as described above, and we may also require additional documentation to verify your identity."
0	"When using Reddit Ads, we may record a session replay of your visit for customer service, troubleshooting, and usability research purposes."
1	"Much of the information on the Services is public and accessible to everyone, even without an account."
1	"By using the Services, you are directing us to share this information publicly and freely."
0	"Help protect the safety of Reddit and our users, which includes blocking suspected spammers, addressing abuse, and enforcing the Reddit User Agreement and our other policies"
0	"Send you technical notices, updates, security alerts, invoices, and other support and administrative messages"
1	"Communicate with you about products, services, offers, promotions, and events, and provide other news and information we think will be of interest to you (for information about how to opt out of these communications, see Your Choices below)"
0	"Monitor and analyze trends, usage, and activities in connection with our Services"
0	Measure the effectiveness of ads shown on our Services
0	"Personalize the Services, and provide and optimize advertisements, content, and features that match user profiles or interests."
0	"Much of the information on the Services is public and accessible to everyone, even without an account."
1	"By using the Services, you are directing us to share this information publicly and freely."
0	"When you submit content (including a post, comment, chat message, or RPAN broadcast) to a public part of the Services, any visitors to and users of our Services will be able to see that content, the username associated with the content, and the date and time you originally submitted the content."
0	Reddit allows other sites to embed public Reddit content via our embed tools.
0	Reddit also allows third parties to access public Reddit content via the Reddit API and other similar technologies.
1	"Your profile contains information about your activities on the Services, such as your username, prior posts and comments, karma, awards received, trophies, moderator status, Reddit Premium status, and how long you have been a member of the Services."
0	You can also choose for your profile to include the content you upvote and downvote.
0	We offer social sharing features that let you share content or actions you take on our Services with other media.
1	"Your use of these features enables the sharing of certain information with your friends or the public, depending on the settings you establish with the third party that provides the social sharing feature."
0	"For more information about the purpose and scope of data collection and processing in connection with social sharing features, please visit the privacy policies of the third parties that provide these social sharing features (e.g., Tumblr, Facebook, and Twitter)."
1	We do not sell your personal information.
1	"However, in addition to the personal information that is displayed publicly as described above, we may share personal information in the following ways"
1	We may share information about you with your consent or at your direction.
0	With linked services.
1	"If you link your Reddit account with a third-party service, Reddit will share the information you authorize with that third-party service."
0	You can control this sharing as described in Your Choices below.
0	With our service providers.
0	"We may share information with vendors, consultants, and other service providers who need access to such information to carry out work for us."
0	Their use of personal data will be subject to appropriate confidentiality and security measures.
1	"A few examples: (i) payment processors who process transactions on our behalf, (ii) cloud providers who host our data and our services, (iii) third-party ads measurement providers who help us and advertisers measure the performance of ads shown on our Services."
0	To comply with the law.
1	"We may share information in response to a request for information if we believe disclosure is in accordance with, or required by, any applicable law, regulation, legal process, or governmental request, including, but not limited to, meeting national security or law enforcement requirements."
0	"To the extent the law allows it, we will attempt to provide you with prior notice before disclosing your information in response to such a request."
0	Our Transparency Report has additional information about how we respond to government requests.
1	We may share information if we believe it's necessary to prevent imminent and serious bodily harm to a person.
0	To enforce our policies and rights.
1	"We may share information if we believe your actions are inconsistent with our User Agreement, rules, or other Reddit policies, or to protect the rights, property, and safety of ourselves and others."
1	"We may share information between and among Reddit, and any of our parents, affiliates, subsidiaries, and other companies under common control and ownership."
0	We may share information about you that has been aggregated or anonymized such that it cannot reasonably be used to identify you.
1	"For example, we may show the total number of times a post has been upvoted without identifying who the visitors were, or we may tell an advertiser how many people saw their ad."
0	"We take measures to help protect information about you from loss, theft, misuse and unauthorized access, disclosure, alteration, and destruction."
0	"For example, we use HTTPS while information is being transmitted."
1	We also enforce technical and administrative access controls to limit which of our employees have access to nonpublic personal information.
0	You can help maintain the security of your account by configuring two-factor authentication.
0	We store the information we collect for as long as it is necessary for the purpose(s) for which we originally collected it.
0	We may retain certain information for legitimate business purposes or as required by law.
0	"You have choices about how to protect and limit the collection, use, and sharing of information about you when you use the Services."
0	"Some of these choices are available to everyone who uses Reddit, while others only apply if you have a Reddit account."
0	You can access and change certain information through the Services.
0	See our Help Center page for more information.
1	You can also request a copy of the personal information Reddit maintains about you by following the process described here.
0	You may delete your account information at any time from the user preferences page.
0	You can also submit a request to delete the personal information Reddit maintains about you by following the process described in the Your Rights - Data Subject and Consumer Information Requests section below.
0	"When you delete your account, your profile is no longer visible to other users and disassociated from content you posted under that account."
0	"Please note, however, that the posts, comments, and messages you submitted prior to deleting your account will still be visible to others unless you first delete the specific content."
0	We may also retain certain information about you as required by law or for legitimate business purposes after you delete your account.
0	"You can review the services you have permitted to access your account and revoke access to individual services by visiting your account¡¦s Apps page (for third-party app authorizations) and the Connected Accounts section of your Account Settings (for Google Sign-In, Sign in with Apple, and connected Twitter accounts)."
0	Most web browsers are set to accept cookies by default.
0	"If you prefer, you can usually choose to set your browser to remove or reject first- and third-party cookies."
0	"Please note that if you choose to remove or reject cookies, this could affect the availability and functionality of our Services."
0	"For more information on controlling how cookies and similar technologies are used on Reddit, see our Cookie Notice."
0	"Some analytics providers we partner with may provide specific opt-out mechanisms and we may provide, as needed and as available, additional tools and third-party services that allow you to better understand cookies and how you can opt out."
0	"For example, you may manage the use and collection of certain information by Google Analytics via the Google Analytics Opt-out Browser Add-on."
0	You can opt out of the Audience Measurement services provided by Nielsen and Quantcast.
1	We also offer you choices about receiving personalized advertisements.
1	"You can adjust how we personalize advertisements for you by visiting your ads preferences your account settings in the Reddit app, or here if you use Reddit in a web browser."
0	You can also use device-level settings to control personalized advertisements on Android (¡§Reset advertising ID¡¨ and ¡§Opt out of Ads Personalization¡¨) and iOS (¡§Limit Ad Tracking¡¨) devices.
0	You may also generally opt out of receiving personalized advertisements from certain third-party advertisers and ad networks.
0	"To learn more about these advertisements or to opt out, please visit the sites of the Digital Advertising Alliance and the Network Advertising Initiative, or if you are a user in the European Economic Area, Your Online Choices."
0	"Most modern web browsers give you the option to send a Do Not Track signal to the sites you visit, indicating that you do not wish to be tracked."
0	"However, there is no accepted standard for how a site should respond to this signal, and we do not take any action in response to this signal."
1	"Instead, in addition to publicly available third-party tools, we offer you the choices described in this policy to manage the collection and use of information about you."
0	You may opt out of receiving some or all categories of promotional communications from us by following the instructions in those communications or by updating your email options in your account preferences here.
1	"If you opt out of promotional communications, we may still send you non-promotional communications, such as information about your account or your use of the Services."
0	"With your consent, we may send promotional and non-promotional push notifications or alerts to your mobile device."
0	You can deactivate these messages at any time by changing the notification settings on your mobile device.
0	You can control how we use location information inferred from your IP address for content recommendation purposes via the Safety and Privacy settings on your account.
1	"If you initially consent to our collection of more precise location information from your device, you can subsequently stop the collection of this information at any time by changing the preferences on your mobile device."